continent,location,total_deaths,date,total_deaths_per_million,stringency_index,population_density,median_age,gdp_per_capita,aged_65_older,life_expectancy,human_development_index,total_cases,stringency_index,Entity,Code,"Life expectancy at birth, total (years)","Total population (Gapminder, HYDE & UN)",log_life,log_death,log_life_curr
North America,Aruba,34.0,2020-10-20,318.453,,584.8,41.2,35973.781,13.085,76.29,,4334.0,,Aruba,ABW,67.43018181818182,50809.52380952381,4.2258139819560805,3.5553480614894135,4.34756458111878
Asia,Afghanistan,1497.0,2020-10-20,38.455,,54.422,18.6,1803.987,2.5810000000000004,64.83,0.498,40287.0,,Afghanistan,AFG,34.49045454545455,7713938.568627451,3.5692637742815028,7.311886164077165,4.187075661479786
Africa,Angola,247.0,2020-10-20,7.515,,23.89,16.8,5819.495,2.405,61.15,0.581,7622.0,,Angola,AGO,35.078272727272726,4534917.666666667,3.585690820635836,5.5134287461649825,4.12955081795672
North America,Anguilla,,2020-10-20,,,,,,,81.88,,3.0,,Anguilla,AIA,,6047.619047619048,,,4.4173937785111725
Europe,Albania,454.0,2020-10-20,157.759,,104.87100000000001,38.0,11803.431,13.187999999999999,78.57,0.785,17350.0,,Albania,ALB,65.31809090909091,1315618.0392156863,4.194462724361611,6.12029741895095,4.3766371373894435
Europe,Andorra,62.0,2020-10-20,802.433,,163.755,,,,83.73,0.858,3623.0,,Andorra,AND,,9005.019607843138,,4.143134726391533,4.439469730210373
Asia,United Arab Emirates,466.0,2020-10-20,47.11600000000001,,112.44200000000001,34.0,67293.483,1.1440000000000001,77.97,0.863,116517.0,,United Arab Emirates,ARE,57.220363636363636,84305.54901960785,4.064235184199099,6.1463292576688975,4.36906803350949
South America,Argentina,26716.0,2020-10-20,591.117,82.87,16.177,31.9,18933.907,11.198,76.67,0.825,1002649.0,82.87,Argentina,ARG,65.59318181818182,15979933.823529411,4.19860219720328,10.19305534589812,4.352469082431556
Asia,Armenia,1091.0,2020-10-20,368.17900000000003,,102.931,35.7,8787.58,11.232000000000001,75.09,0.755,65460.0,,Armenia,ARM,68.121,1470921.6470588236,4.235858591983738,6.9957661563048505,4.331916850188431
North America,Antigua and Barbuda,3.0,2020-10-20,30.635,,231.845,32.1,21490.943,6.933,77.02,0.78,119.0,,Antigua and Barbuda,ATG,64.09054545454546,43678.39215686275,4.175779307554492,1.3862943611198906,4.35696520407851
Oceania,Australia,905.0,2020-10-20,35.49,,3.202,37.9,44648.71,15.504000000000001,83.44,0.9390000000000001,27399.0,,Australia,AUS,70.90643015521066,8169867.156862745,4.2753656926504675,6.80903930604298,4.43604122298012
Europe,Austria,919.0,2020-10-20,102.039,,106.749,44.4,45436.685999999994,19.202,81.54,0.9079999999999999,66611.0,,Austria,AUT,69.66629711751666,6891111.470588235,4.257968756521125,6.824373670043086,4.413283024324436
Asia,Azerbaijan,630.0,2020-10-20,62.135,,119.309,32.4,15847.419,6.018,73.0,0.757,45295.0,,Azerbaijan,AZE,62.10372727272727,3125118.9803921566,4.144779837101017,6.447305862541213,4.30406509320417
Africa,Burundi,1.0,2020-10-20,0.084,,423.06199999999995,17.5,702.225,2.562,61.58,0.41700000000000004,549.0,,Burundi,BDI,42.712090909090904,2369340.470588235,3.777624743674633,0.6931471805599453,4.136445738240736
Africa,Benin,41.0,2020-10-20,3.3819999999999997,,99.11,18.8,2064.236,3.2439999999999998,61.77,0.515,2496.0,,Benin,BEN,39.65490909090909,2172051.68627451,3.705119593546345,3.7376696182833684,4.13947725232944
North America,Bonaire Sint Eustatius and Saba,3.0,2020-10-20,114.412,,,,,,77.79,,150.0,,Bonaire Sint Eustatius and Saba,BES,,8428.57142857143,,1.3862943611198906,4.366786085257597
Africa,Burkina Faso,65.0,2020-10-20,3.11,,70.15100000000001,17.6,1703.102,2.4090000000000003,61.58,0.423,2387.0,,Burkina Faso,BFA,36.78999999999999,4258508.039215687,3.6320445173613973,4.189654742026425,4.136445738240736
Asia,Bangladesh,5681.0,2020-10-20,34.495,,1265.036,27.5,3523.9840000000004,5.098,72.59,0.608,390206.0,,Bangladesh,BGD,47.80536363636364,41148488.313725494,3.887840217400598,8.645058562414134,4.298509146938508
Europe,Bulgaria,1008.0,2020-10-20,145.06799999999998,,65.18,44.7,18563.307,20.801,75.05,0.813,30527.0,,Bulgaria,BGR,70.56439024390247,6937054.039215687,4.270597607288312,6.9167150203536085,4.331391018705302
Asia,Bahrain,302.0,2020-10-20,177.482,,1935.9070000000002,32.4,43290.705,2.372,77.29,0.846,78224.0,,Bahrain,BHR,58.081999999999994,125470.62745098039,4.07892630949372,5.713732805509369,4.360419880919823
North America,Bahamas,123.0,2020-10-20,312.78,,39.497,34.3,27717.847,8.996,73.92,0.807,5773.0,,Bahamas,BHS,64.46345454545454,84870.7843137255,4.181492041060564,4.820281565605037,4.316420877575887
Europe,Bosnia and Herzegovina,997.0,2020-10-20,303.888,,68.49600000000001,42.5,11713.895,16.569000000000003,77.4,0.768,34661.0,,Bosnia and Herzegovina,BIH,63.342363636363636,2693124.862745098,4.16421825779081,6.905753276311464,4.361823927356363
Europe,Belarus,933.0,2020-10-20,98.73700000000001,,46.858000000000004,40.3,17167.967,14.799000000000001,74.79,0.8079999999999999,88290.0,,Belarus,BLR,69.28175388026608,7346986.901960785,4.2525122186174436,6.839476438228843,4.327966357823938
North America,Belize,45.0,2020-10-20,113.17299999999999,,16.426,25.0,7824.361999999999,3.853,74.62,0.708,2833.0,,Belize,BLZ,62.80481818181818,69736.88235294117,4.15582870759044,3.828641396489095,4.325720798462787
North America,Bermuda,9.0,2020-10-20,144.525,,1308.82,,50669.315,,82.59,,185.0,,Bermuda,BMU,69.5939024390244,45000.0,4.256943773050089,2.302585092994046,4.4259238957110645
South America,Bolivia,8502.0,2020-10-20,728.346,,10.202,25.4,6885.829000000001,6.704,71.51,0.693,139890.0,,Bolivia,BOL,43.841818181818184,3156068.3333333335,3.8031411455937265,9.048174321385792,4.2837244833835015
South America,Brazil,154176.0,2020-10-20,725.331,,25.04,33.5,14103.452,8.552,75.88,0.759,5250727.0,,Brazil,BRA,56.757,52443895.52941176,4.056244554177519,11.945856572047324,4.342245764662037
North America,Barbados,7.0,2020-10-20,24.359,,664.4630000000001,39.8,16978.068,14.952,79.19,0.8,222.0,,Barbados,BRB,63.36954545454545,198776.70588235295,4.164640624590866,2.0794415416798357,4.384398818818937
Asia,Brunei,3.0,2020-10-20,6.857,,81.347,32.4,71809.25099999999,4.591,75.86,0.853,147.0,,Brunei,BRN,64.8490909090909,53946.666666666664,4.187365622613218,1.3862943611198906,4.3419855851366975
Asia,Bhutan,,2020-10-20,,,21.188000000000002,28.6,8708.597,4.885,71.78,0.612,330.0,,Bhutan,BTN,36.88636363636363,189453.70588235295,3.6345912488325327,,4.287441192184014
Africa,Botswana,21.0,2020-10-20,8.93,,4.044,25.8,15807.374,3.9410000000000003,69.59,0.7170000000000001,5609.0,,Botswana,BWA,52.50627272727272,356261.2156862745,3.979798894267783,3.091042453358316,4.256888491407381
Africa,Central African Republic,62.0,2020-10-20,12.837,,7.479,18.3,661.24,3.655,53.28,0.36700000000000005,4856.0,,Central African Republic,CAF,38.93545454545455,1171539.7647058824,3.687264514436905,4.143134726391533,3.9941558349666684
North America,Canada,9778.0,2020-10-20,259.074,,4.037,41.4,44017.59099999999,16.984,82.43,0.9259999999999999,201437.0,,Canada,CAN,71.87665188470068,13729913.490196079,4.288768311785291,9.187992508312275,4.424007956913983
Europe,Switzerland,1837.0,2020-10-20,212.257,,214.243,43.1,57410.166,18.436,83.78,0.9440000000000001,83159.0,,Switzerland,CHE,72.07425720620843,4649709.019607843,4.291476146131531,7.516433302915632,4.440059665924491
South America,Chile,13676.0,2020-10-20,715.414,,24.281999999999996,35.4,22767.037,11.087,80.18,0.843,493305.0,,Chile,CHL,59.61000000000001,6163481.019607843,4.104459895963194,9.523470868881551,4.396668911410751
Asia,China,4739.0,2020-10-20,3.293,,147.674,38.7,15308.712,10.640999999999998,76.91,0.752,91006.0,,China,CHN,50.34054545454546,574231304.7843137,3.938480799744668,8.463792414689122,4.355554314342767
Africa,Cote d'Ivoire,121.0,2020-10-20,4.587,,76.399,18.7,3601.006,2.9330000000000003,57.78,0.49200000000000005,20324.0,,Cote d'Ivoire,CIV,40.17736363636364,2885440.843137255,3.7178886790636887,4.804021044733257,4.073801660990771
Africa,Cameroon,424.0,2020-10-20,15.972000000000001,,50.885,18.8,3364.926,3.165,59.29,0.556,21506.0,,Cameroon,CMR,43.773909090909086,4009685.7647058824,3.8016255834044927,6.052089168924417,4.099166252501314
Africa,Democratic Republic of Congo,302.0,2020-10-20,3.372,,35.879,17.0,808.133,3.02,60.68,0.457,11051.0,,Democratic Republic of Congo,COD,42.36809090909091,12853638.509803921,3.7697239381809577,5.713732805509369,4.1219597292550745
Africa,Congo,92.0,2020-10-20,16.672,,15.405,19.0,4881.406,3.4019999999999997,64.57,0.606,5156.0,,Congo,COG,51.26645454545455,862034.1568627451,3.956354760798404,4.532599493153256,4.183118274275528
South America,Colombia,29102.0,2020-10-20,571.941,65.74,44.223,32.2,13254.948999999999,7.646,77.29,0.747,965883.0,65.74,Colombia,COL,58.99272727272727,11910195.862745099,4.0942233427541055,10.278596540629394,4.360419880919823
Africa,Comoros,7.0,2020-10-20,8.05,,437.352,20.4,1413.89,2.963,64.32,0.503,502.0,,Comoros,COM,43.486999999999995,161910.80392156861,3.7951970116610414,2.0794415416798357,4.179298268102264
Africa,Cape Verde,87.0,2020-10-20,156.47799999999998,,135.58,25.7,6222.554,4.46,72.98,0.654,7800.0,,Cape Verde,CPV,50.97909090909092,179230.41176470587,3.950841539816291,4.477336814478207,4.303794786404308
North America,Costa Rica,1204.0,2020-10-20,236.351,58.33,96.079,33.6,15524.995,9.468,80.28,0.794,97075.0,58.33,Costa Rica,CRI,63.69627272727273,936459.0196078431,4.1697035913044935,7.094234845924755,4.397899983830172
North America,Cuba,127.0,2020-10-20,11.213,,110.40799999999999,43.1,,14.738,78.8,0.777,6258.0,,Cuba,CUB,66.90263636363638,5489849.411764706,4.218074860963125,4.852030263919617,4.379523504455763
North America,Curacao,1.0,2020-10-20,6.093999999999999,,362.644,41.7,,16.367,78.88,,751.0,,Curacao,CUW,,125047.61904761905,,0.6931471805599453,4.380525508547614
North America,Cayman Islands,1.0,2020-10-20,15.216,,256.496,,49903.029,,83.92,,235.0,,Cayman Islands,CYM,,7523.809523809524,,0.6931471805599453,4.441709636835055
Europe,Cyprus,25.0,2020-10-20,28.541999999999998,,127.65700000000001,37.3,32415.132,13.415999999999999,80.98,0.8690000000000001,2687.0,,Cyprus,CYP,71.15736363636364,453460.2156862745,4.278849340114162,3.258096538021482,4.406475315076191
Europe,Czech Republic,1513.0,2020-10-20,141.283,48.15,137.17600000000002,43.3,32605.906000000003,19.027,79.38,0.888,181962.0,48.15,Czech Republic,CZE,70.07931263858094,8866051.705882354,4.263796332989004,7.322510433997394,4.386765389021055
Europe,Germany,9836.0,2020-10-20,117.397,,237.016,46.6,45229.245,21.453000000000003,81.33,0.9359999999999999,373167.0,,Germany,DEU,70.07597117516632,70206538.19607843,4.2637493215332825,9.193906065512758,4.410735561310335
Africa,Djibouti,61.0,2020-10-20,61.74100000000001,,41.285,25.4,2705.406,4.213,67.11,0.47600000000000003,5469.0,,Djibouti,DJI,46.35527272727272,71298.80392156863,3.8576781698690135,4.127134385045092,4.221124045253227
North America,Dominica,,2020-10-20,,,98.56700000000001,,9673.367,,75.0,0.715,33.0,,Dominica,DMA,,50040.19607843137,,,4.330733340286331
Europe,Denmark,686.0,2020-10-20,118.435,37.96,136.52,42.3,46682.515,19.677,80.9,0.929,35844.0,37.96,Denmark,DNK,72.65847006651884,4068523.7647058824,4.29943914059376,6.532334292222349,4.405498990859024
North America,Dominican Republic,2203.0,2020-10-20,203.081,,222.873,27.6,14600.861,6.981,74.08,0.736,121667.0,,Dominican Republic,DOM,55.23945454545455,2257075.6666666665,4.0296185487614675,7.698029170272805,4.3185542117183084
Africa,Algeria,1865.0,2020-10-20,42.53,,17.348,29.1,13913.839,6.211,76.88,0.754,54616.0,,Algeria,DZA,48.327636363636366,8941042.843137255,3.8984844993123,7.531552381407289,4.3551691805039985
South America,Ecuador,12395.0,2020-10-20,702.543,,66.939,28.1,10581.936000000002,7.104,77.01,0.752,153423.0,,Ecuador,ECU,55.697272727272725,3298535.8235294116,4.037726109528762,9.42512911890764,4.356837023600222
Africa,Egypt,6130.0,2020-10-20,59.902,,97.999,25.3,10550.206,5.159,71.99,0.696,105547.0,,Egypt,EGY,50.36581818181817,20737074.45098039,3.938972935322017,8.721113147762688,4.2903224454635405
Africa,Eritrea,,2020-10-20,,,44.303999999999995,19.3,1510.4589999999998,3.6069999999999998,66.32,0.44,452.0,,Eritrea,ERI,41.037000000000006,974225.2156862745,3.7385501828535173,,4.209457369322605
Africa,Western Sahara,1.0,2020-10-20,1.6740000000000002,,,28.4,,,70.26,,766.0,,Western Sahara,ESH,,38095.23809523809,,0.6931471805599453,4.26633516017769
Europe,Estonia,68.0,2020-10-20,51.261,,31.033,42.7,29481.252,19.452,78.74,0.871,4085.0,,Estonia,EST,69.28339024390245,1067267.6274509805,4.252535501254781,4.23410650459726,4.378771341953209
Africa,Ethiopia,1365.0,2020-10-20,11.873,,104.95700000000001,19.8,1729.9270000000001,3.5260000000000002,66.6,0.46299999999999997,89860.0,,Ethiopia,ETH,41.02100000000001,17919221.74509804,3.7381694933250196,7.2196420401307355,4.213607983048918
Europe,Finland,351.0,2020-10-20,63.349,,18.136,42.8,40585.721,21.228,81.91,0.92,13555.0,,Finland,FIN,69.26328159645236,3892700.6078431373,4.25224935221512,5.863631175598097,4.417755682128127
Oceania,Fiji,2.0,2020-10-20,2.231,,49.562,28.6,8702.975,6.224,67.44,0.741,32.0,,Fiji,FJI,57.914727272727276,284316.17647058825,4.0760910979893055,1.0986122886681098,4.225957449023992
South America,Falkland Islands,,2020-10-20,,,,,,,81.44,,13.0,,Falkland Islands,FLK,,2000.0,,,4.412070756022258
Europe,France,33623.0,2020-10-20,515.109,,122.57799999999999,42.0,38605.671,19.718,82.66,0.9009999999999999,910277.0,,France,FRA,70.80354767184036,42977566.5882353,4.273933885304835,10.422995376684952,4.426760966014053
Europe,Faeroe Islands,,2020-10-20,,,35.308,,,,80.67,,485.0,,Faeroe Islands,FRO,,34857.142857142855,,,4.402686737370185
Africa,Gabon,54.0,2020-10-20,24.261999999999997,,7.859,23.1,16562.413,4.45,66.47,0.7020000000000001,8884.0,,Gabon,GAB,42.69399999999999,456890.45098039217,3.777210792903901,4.007333185232471,4.211683054639334
Europe,United Kingdom,43726.0,2020-10-20,644.109,,272.89799999999997,40.8,39753.244,18.517,81.32,0.922,741212.0,,United Kingdom,GBR,71.46585365853659,49349921.88235294,4.283115466892633,10.685721039263841,4.410614091525794
Asia,Georgia,143.0,2020-10-20,35.847,,65.032,38.7,9745.079,14.864,73.77,0.78,18663.0,,Georgia,GEO,65.63381818181819,3470835.5098039214,4.199212229177228,4.969813299576001,4.314416735011824
Africa,Ghana,310.0,2020-10-20,9.977,,126.719,21.1,4227.63,3.385,64.07,0.5920000000000001,47372.0,,Ghana,GHA,47.727,4839008.156862745,3.8862332912418425,5.739792912179234,4.175463613506893
Europe,Gibraltar,,2020-10-20,,,3457.1,,,,79.93,,577.0,,Gibraltar,GIB,,24428.571428571428,,,4.393584583507611
Africa,Guinea,70.0,2020-10-20,5.33,,51.755,19.0,1998.9260000000002,3.135,61.6,0.45899999999999996,11518.0,,Guinea,GIN,35.7490909090909,3041326.588235294,3.6041134881852823,4.2626798770413155,4.136765278106052
Africa,Gambia,118.0,2020-10-20,48.828,,207.56599999999997,17.5,1561.767,2.339,62.05,0.46,3655.0,,Gambia,GMB,34.43336363636364,295359.96078431373,3.567653851891947,4.77912349311153,4.143928062410929
Africa,Guinea-Bissau,41.0,2020-10-20,20.833000000000002,,66.191,19.4,1548.675,3.002,58.32,0.455,2389.0,,Guinea-Bissau,GNB,39.62745454545455,536898.5294117647,3.704444058405132,3.7376696182833684,4.082946517269732
Africa,Equatorial Guinea,83.0,2020-10-20,59.16,,45.193999999999996,22.4,22604.873,2.846,58.74,0.591,5070.0,,Equatorial Guinea,GNQ,38.24145454545454,202957.74509803922,3.66973370193714,4.430816798843313,4.090001812787964
Europe,Greece,520.0,2020-10-20,49.888999999999996,,83.479,45.3,24574.382,20.396,82.24,0.87,25802.0,,Greece,GRC,69.5948514412417,7333659.098039215,4.2569572160785345,6.255750041753367,4.421728001525434
North America,Grenada,,2020-10-20,,,317.132,29.4,13593.877,7.303999999999999,72.4,0.772,27.0,,Grenada,GRD,62.04645454545453,77174.82352941176,4.143871828402459,,4.29592393562047
North America,Greenland,,2020-10-20,,,0.13699999999999998,,,,71.7,,16.0,,Greenland,GRL,,32380.95238095238,,,4.286341384539473
North America,Guatemala,3541.0,2020-10-20,197.649,,157.834,22.9,7423.808000000001,4.694,74.3,0.65,101599.0,,Guatemala,GTM,49.508272727272725,3030846.254901961,3.922137139246514,8.17244681834278,4.321480134805848
Oceania,Guam,66.0,2020-10-20,391.035,,304.128,31.4,,9.551,80.07,,3756.0,,Guam,GUM,63.391272727272735,69047.61904761905,4.164978107269841,4.204692619390966,4.395312978999615
South America,Guyana,111.0,2020-10-20,141.121,,3.952,26.3,7435.047,5.305,69.91,0.654,3765.0,,Guyana,GUY,61.102090909090904,445618.1568627451,4.12877965840628,4.718498871295094,4.261411467315905
North America,Honduras,2576.0,2020-10-20,260.08099999999996,,82.805,24.9,4541.795,4.652,75.27,0.617,89381.0,,Honduras,HND,49.47981818181818,1498893.7843137255,3.9215736164399853,7.854381210652365,4.3342796761761475
Europe,Croatia,374.0,2020-10-20,91.102,,73.726,44.0,22669.797000000002,19.724,78.49,0.831,25973.0,,Croatia,HRV,66.471733924612,3701590.862745098,4.211708753503009,5.926926025970411,4.375631227585021
North America,Haiti,231.0,2020-10-20,20.259,,398.44800000000004,24.3,1653.1729999999998,4.8,64.0,0.498,8976.0,,Haiti,HTI,44.83390909090909,3137492.117647059,3.825024190343086,5.44673737166631,4.174387269895637
Europe,Hungary,1211.0,2020-10-20,125.35799999999999,,108.04299999999999,43.4,26777.561,18.577,76.88,0.838,48757.0,,Hungary,HUN,69.00640798226165,9285799.843137255,4.248586780463328,7.10002716662926,4.3551691805039985
Asia,Indonesia,12617.0,2020-10-20,46.128,,145.725,29.3,11188.743999999999,5.319,71.72,0.6940000000000001,365240.0,,Indonesia,IDN,51.64227272727273,70495165.7254902,3.9635194609952484,9.442879644930755,4.286616449869223
Europe,Isle of Man,24.0,2020-10-20,282.247,,147.872,,,,81.4,,348.0,,Isle of Man,IMN,,51476.19047619047,,3.2188758248682006,4.411585436915426
Asia,India,115197.0,2020-10-20,83.476,,450.41900000000004,28.2,6426.674,5.989,69.66,0.64,7597063.0,,India,IND,44.395,368343762.8235294,3.8154019668237207,11.654407665982111,4.257879641930999
Europe,Ireland,1852.0,2020-10-20,375.066,,69.874,38.7,67335.293,13.927999999999999,82.3,0.938,50993.0,,Ireland,IRL,70.48212860310421,2906315.294117647,4.2694474688504185,7.52456122628536,4.422448549172797
Asia,Iran,30712.0,2020-10-20,365.65,,49.831,32.4,19082.62,5.44,76.68,0.7979999999999999,534631.0,,Iran,IRN,47.795818181818184,17486887.0,3.887644616191718,10.332441296713197,4.35259782398307
Asia,Iraq,10317.0,2020-10-20,256.498,,88.125,20.0,15663.986,3.1860000000000004,70.6,0.685,430678.0,,Iraq,IRQ,53.541727272727265,5540883.9215686275,3.9989660467496138,9.241645221804594,4.2710950739666
Europe,Iceland,11.0,2020-10-20,32.234,,3.404,37.3,46482.958,14.431,82.99,0.935,4101.0,,Iceland,ISL,73.62742793791577,147676.70588235295,4.31250810636496,2.4849066497880004,4.430697744137536
Asia,Israel,2263.0,2020-10-20,261.45099999999996,,402.606,30.6,33132.32,11.732999999999999,82.97,0.903,304876.0,,Israel,ISR,71.59351916376309,1285142.843137255,4.284875650129389,7.724888439323074,4.430459592195472
Europe,Italy,36616.0,2020-10-20,605.605,,205.859,47.9,35220.084,23.021,83.51,0.88,423578.0,,Italy,ITA,70.25443458980045,45397326.50980392,4.266257057068789,10.508267892425925,4.436869870556391
North America,Jamaica,173.0,2020-10-20,58.423,,266.879,31.4,8193.571,9.684,74.47,0.732,8321.0,,Jamaica,JAM,66.61090909090909,1322062.2156862745,4.213769347113492,5.159055299214529,4.323735226296777
Asia,Jordan,380.0,2020-10-20,37.243,,109.285,23.2,8337.49,3.81,74.53,0.735,38937.0,,Jordan,JOR,56.480636363636364,647149.7647058824,4.051448132194015,5.942799375126701,4.324529928325356
Asia,Japan,1676.0,2020-10-20,13.251,,347.778,48.2,39002.223,27.049,84.63,0.909,93480.0,,Japan,JPN,70.20243902439026,78833591.21568628,4.265527073791746,7.424761761823209,4.450035689038101
Asia,Kazakhstan,2155.0,2020-10-20,114.77,,6.681,30.6,24055.588,6.9910000000000005,73.6,0.8,145603.0,,Kazakhstan,KAZ,60.39866075388029,7489369.137254902,4.117388023089162,7.6760099320288875,4.312140507209715
Africa,Kenya,839.0,2020-10-20,15.603,,87.324,20.0,2993.028,2.6860000000000004,66.7,0.59,45076.0,,Kenya,KEN,49.35427272727273,5622712.725490196,3.919083476085923,6.733401891837359,4.215086179918229
Asia,Kyrgyzstan,1113.0,2020-10-20,170.59599999999998,,32.333,26.3,3393.474,4.489,71.45,0.672,52910.0,,Kyrgyzstan,KGZ,58.26407317073169,1816336.8823529412,4.082003273680277,7.01571242048723,4.282896668766692
Asia,Cambodia,,2020-10-20,,,90.67200000000001,25.6,3645.07,4.412,69.82,0.5820000000000001,285.0,,Cambodia,KHM,41.917181818181824,4610417.666666667,3.759272254334144,,4.2601414466837575
North America,Saint Kitts and Nevis,,2020-10-20,,,212.865,,24654.385,,76.23,0.778,19.0,,Saint Kitts and Nevis,KNA,,44124.686274509804,,,4.346787982581173
Asia,South Korea,447.0,2020-10-20,8.719,,527.967,43.4,35938.373999999996,13.914000000000001,83.03,0.903,25333.0,,South Korea,KOR,57.03641463414633,19236755.60784314,4.061070652058035,6.104793232414985,4.431173877940127
Asia,Kuwait,710.0,2020-10-20,166.25400000000002,,232.128,33.7,65530.537000000004,2.345,75.49,0.8029999999999999,116832.0,,Kuwait,KWT,63.38736363636363,216504.9411764706,4.164917397030616,6.566672429803241,4.337160013333775
Asia,Laos,,2020-10-20,,,29.715,24.4,6397.36,4.029,67.92,0.601,23.0,,Laos,LAO,44.733,1790812.0392156863,3.8228201379673754,,4.232946411659729
Asia,Lebanon,526.0,2020-10-20,77.065,,594.561,31.1,13367.565,8.514,78.93,0.757,62944.0,,Lebanon,LBN,64.69509090909091,1317258.1764705882,4.185024202898155,6.267200548541362,4.381151251637927
Africa,Liberia,82.0,2020-10-20,16.213,,49.126999999999995,19.2,752.788,3.057,64.1,0.435,1381.0,,Liberia,LBR,36.699909090909095,948950.2352941176,3.629657683069336,4.418840607796598,4.175924549214524
Africa,Libya,732.0,2020-10-20,106.53,,3.623,29.0,17881.509,4.4239999999999995,72.91,0.706,49949.0,,Libya,LBY,49.87527272727273,1235373.0,3.929377004481024,6.597145701886651,4.302848136796795
North America,Saint Lucia,,2020-10-20,,,293.187,34.9,12951.839,9.721,76.2,0.747,36.0,,Saint Lucia,LCA,60.414636363636355,74438.60784313726,4.117648184003674,,4.3463994570307305
Europe,Liechtenstein,1.0,2020-10-20,26.221,,237.012,,,,82.49,0.9159999999999999,227.0,,Liechtenstein,LIE,,14257.313725490196,,0.6931471805599453,4.424726864205909
Asia,Sri Lanka,13.0,2020-10-20,0.607,,341.955,34.1,11669.077,10.068999999999999,76.98,0.77,5625.0,,Sri Lanka,LKA,61.65390909090909,7633228.470588235,4.1376260751004,2.6390573296152584,4.356452383554451
Africa,Lesotho,42.0,2020-10-20,19.605999999999998,,73.562,22.2,2851.153,4.506,54.33,0.52,1833.0,,Lesotho,LSO,48.073,733471.0,3.8933089853840213,3.7612001156935624,4.013315256910018
Europe,Lithuania,113.0,2020-10-20,41.50899999999999,,45.135,43.5,29524.265,19.002,75.93,0.858,7726.0,,Lithuania,LTU,70.75042128603103,2472085.098039216,4.2731937262048065,4.736198448394496,4.342895917470844
Europe,Luxembourg,133.0,2020-10-20,212.468,,231.447,39.7,94277.965,14.312000000000001,82.25,0.904,10888.0,,Luxembourg,LUX,69.41242350332594,288300.7254901961,4.254369717812658,4.897839799950911,4.421848128860553
Europe,Latvia,42.0,2020-10-20,22.267,,31.212,43.9,25063.846,19.754,75.29,0.847,3494.0,,Latvia,LVA,70.14634146341463,1867954.3137254901,4.264738903163414,3.7612001156935624,4.334541868102138
Africa,Morocco,2976.0,2020-10-20,80.627,,80.08,29.6,7485.013000000001,6.769,76.68,0.667,175749.0,,Morocco,MAR,50.55827272727272,9302825.235294119,3.942712677262997,7.998671361015776,4.35259782398307
Europe,Monaco,1.0,2020-10-20,25.482,,19347.5,,,,86.75,,268.0,,Monaco,MCO,,19443.86274509804,,0.6931471805599453,4.4744918623459755
Europe,Moldova,1601.0,2020-10-20,396.88,,123.655,37.6,5189.972,10.864,71.9,0.7,67302.0,,Moldova,MDA,63.71927272727272,2423367.7843137253,4.170059035469433,7.379008127628304,4.289088639014612
Africa,Madagascar,238.0,2020-10-20,8.595,,43.951,19.6,1416.44,2.929,67.04,0.519,16810.0,,Madagascar,MDG,42.35872727272728,4289194.31372549,3.769508004134343,5.476463551931511,4.220095767527661
Asia,Maldives,37.0,2020-10-20,68.45,,1454.433,30.6,15183.616000000002,4.12,78.92,0.7170000000000001,11232.0,,Maldives,MDV,40.70754545454545,80370.90196078431,3.7306820585881444,3.6375861597263857,4.381026134340298
North America,Mexico,86338.0,2020-10-20,669.6360000000001,,66.444,29.3,17336.468999999997,6.857,75.05,0.774,854926.0,,Mexico,MEX,59.36236363636363,27296957.8627451,4.100365792118436,11.366036686925185,4.331391018705302
Europe,Macedonia,846.0,2020-10-20,406.07099999999997,,82.6,39.1,13111.214,13.26,75.8,0.757,23788.0,,Macedonia,MKD,63.57836363636363,1255417.4901960783,4.167879426457905,6.741700694652055,4.341204640153626
Africa,Mali,132.0,2020-10-20,6.518,,15.196,16.4,2014.306,2.519,59.31,0.42700000000000005,3407.0,,Mali,MLI,29.82690909090909,4582142.333333333,3.428387980333246,4.890349128221754,4.099497927462895
Europe,Malta,45.0,2020-10-20,101.916,,1454.037,42.4,36513.323,19.426,82.53,0.878,4737.0,,Malta,MLT,69.99028381374723,296664.2156862745,4.262543019983115,3.828641396489095,4.425205848767815
Asia,Myanmar,914.0,2020-10-20,16.798,,81.721,29.1,5591.597,5.732,67.13,0.578,37205.0,,Myanmar,MMR,46.93,18042088.76470588,3.86974161317154,6.818924065275521,4.221417644785577
Europe,Montenegro,240.0,2020-10-20,382.12800000000004,,46.28,39.1,16409.288,14.762,76.88,0.8140000000000001,15760.0,,Montenegro,MNE,66.96281818181818,400777.98039215687,4.218960764187299,5.484796933490655,4.3551691805039985
Asia,Mongolia,,2020-10-20,,,1.98,28.6,11840.846000000001,4.031000000000001,69.87,0.741,326.0,,Mongolia,MNG,52.2199090909091,849020.4901960784,3.974432557372757,,4.260847212822164
Oceania,Northern Mariana Islands,2.0,2020-10-20,34.748000000000005,,119.87799999999999,,,,76.74,,88.0,,Northern Mariana Islands,MNP,,9714.285714285714,,1.0986122886681098,4.353369925424077
Africa,Mozambique,75.0,2020-10-20,2.4,,37.728,17.7,1136.103,3.158,60.85,0.43700000000000006,11080.0,,Mozambique,MOZ,37.16445454545455,6175676.019607843,3.6419045731387265,4.330733340286331,4.124712098838497
Africa,Mauritania,163.0,2020-10-20,35.056,,4.289,20.3,3597.633,3.138,64.92,0.52,7608.0,,Mauritania,MRT,46.50418181818182,719673.3529411765,3.860817745442966,5.099866427824199,4.188441885601216
North America,Montserrat,1.0,2020-10-20,200.04,,,,,,74.16,,13.0,,Montserrat,MSR,,12857.142857142857,,0.6931471805599453,4.319619174545265
Africa,Mauritius,10.0,2020-10-20,7.8629999999999995,,622.962,37.4,20292.745,10.945,74.99,0.79,419.0,,Mauritius,MUS,61.754121951219524,510746.9411764706,4.13922426432015,2.3978952727983707,4.330601752681694
Africa,Malawi,181.0,2020-10-20,9.462,,197.519,18.1,1095.042,2.9789999999999996,64.26,0.47700000000000004,5860.0,,Malawi,MWI,39.00654545454545,2585086.156862745,3.689043077090603,5.204006687076795,4.178379291165174
Asia,Malaysia,190.0,2020-10-20,5.87,,96.25399999999999,29.9,26808.164,6.292999999999999,76.16,0.802,21363.0,,Malaysia,MYS,62.085909090909084,6237443.588235294,4.1444974338474685,5.25227342804663,4.345881188037528
Africa,Namibia,131.0,2020-10-20,51.556000000000004,,3.0780000000000003,22.0,9541.808,3.552,63.71,0.647,12326.0,,Namibia,NAM,49.76945454545454,446563.2549019608,3.927294885262719,4.882801922586371,4.169915749069175
Oceania,New Caledonia,,2020-10-20,,,15.342,33.4,,9.954,77.55,,27.0,,New Caledonia,NCL,60.79866962305987,80238.09523809524,4.123881837096979,,4.36373536470163
Africa,Niger,69.0,2020-10-20,2.85,,16.955,15.1,926.0,2.553,62.42,0.354,1211.0,,Niger,NER,35.43918181818182,2797959.725490196,3.5956446192906717,4.248495242049359,4.149779269110201
Africa,Nigeria,1125.0,2020-10-20,5.457000000000001,,209.588,18.1,5338.454000000001,2.7510000000000003,54.69,0.532,61558.0,,Nigeria,NGA,39.026272727272726,33061791.29411765,3.6895360566850988,7.026426808699636,4.019800597601577
North America,Nicaragua,154.0,2020-10-20,23.247,,51.667,27.3,5321.444,5.445,74.48,0.6579999999999999,5353.0,,Nicaragua,NIC,50.33145454545454,1281250.6666666667,3.9383037133118592,5.043425116919247,4.32386772050035
Europe,Netherlands,6759.0,2020-10-20,394.459,,508.54400000000004,43.2,48472.545,18.779,82.28,0.9309999999999999,235954.0,,Netherlands,NLD,73.54855875831487,9627601.411764706,4.311450708472763,8.81877816903701,4.422208424306714
Europe,Norway,278.0,2020-10-20,51.28,,14.462,39.7,64800.057,16.820999999999998,82.4,0.953,16456.0,,Norway,NOR,73.70002217294902,3178283.8235294116,4.313480388965354,5.631211781821365,4.423648309364701
Asia,Nepal,757.0,2020-10-20,25.980999999999998,,204.43,25.0,2442.804,5.809,70.78,0.574,136036.0,,Nepal,NPL,37.67181818181818,8452765.921568627,3.6551111224042065,6.630683385642372,4.273605885719461
Oceania,New Zealand,25.0,2020-10-20,5.184,,18.206,37.9,36085.843,15.322000000000001,82.29,0.917,1531.0,,New Zealand,NZL,71.25077605321509,1885888.3725490195,4.280143068155825,3.258096538021482,4.42232849394725
Asia,Oman,1114.0,2020-10-20,218.148,,14.98,30.7,37960.709,2.355,77.86,0.821,110594.0,,Oman,OMN,46.586272727272735,496706.4117647059,3.8625443315630292,7.016609683894219,4.367674128449481
Asia,Pakistan,6659.0,2020-10-20,30.146,,255.57299999999998,23.5,5034.708,4.495,67.27,0.562,323452.0,,Pakistan,PAK,49.332363636363645,34479204.39215686,3.9186482824585234,8.803874763534434,4.223470431430189
North America,Panama,2574.0,2020-10-20,596.556,,55.133,29.7,22267.037,7.917999999999999,78.51,0.789,125181.0,,Panama,PAN,63.23936363636363,840126.3333333334,4.162616163555251,7.853604813097837,4.375882799913392
South America,Peru,33820.0,2020-10-20,1025.724,,25.129,29.1,12236.706,7.151,76.74,0.75,870876.0,,Peru,PER,50.368,7798446.470588235,3.939015410491747,10.428837190318218,4.353369925424077
Asia,Philippines,6675.0,2020-10-20,60.913999999999994,,351.87300000000005,25.2,7599.188,4.803,71.23,0.6990000000000001,359169.0,,Philippines,PHL,59.366727272727275,18658979.039215688,4.100438080186419,8.806274284781725,4.2798554720627555
Oceania,Papua New Guinea,7.0,2020-10-20,0.782,,18.22,22.6,3823.1940000000004,3.8080000000000003,64.5,0.544,581.0,,Papua New Guinea,PNG,45.00890909090909,1841463.137254902,3.8288350536256694,2.0794415416798357,4.182050142641207
Europe,Poland,3614.0,2020-10-20,95.491,,124.027,41.8,27216.445,16.762999999999998,78.73,0.865,183248.0,,Poland,POL,68.94345898004435,28087538.156862747,4.2476871868041295,8.192847134592865,4.378645926514404
North America,Puerto Rico,768.0,2020-10-20,268.453,,376.23199999999997,38.2,35044.67,15.168,80.1,,57950.0,,Puerto Rico,PRI,69.99461640798228,2353238.095238095,4.26260404892675,6.645090969505644,4.395682961121367
Europe,Portugal,2198.0,2020-10-20,215.56,,112.37100000000001,46.2,27936.896,21.502,82.05,0.847,101860.0,,Portugal,PRT,64.96188470066518,7817699.31372549,4.189077070671076,7.695757990554761,4.419442836059304
South America,Paraguay,1207.0,2020-10-20,169.225,,17.144000000000002,26.5,8827.01,6.377999999999999,74.25,0.7020000000000001,55452.0,,Paraguay,PRY,64.73709090909091,1391571.9411764706,4.185663315798033,7.0967213784947605,4.3208159036289855
Asia,Palestine,481.0,2020-10-20,94.288,,778.202,20.4,4449.898,3.043,74.05,0.6859999999999999,59082.0,,Palestine,PSE,,787262.0980392157,,6.1779441140506,4.318154558079471
Oceania,French Polynesia,14.0,2020-10-20,49.839,,77.324,32.7,,7.775,77.66,,3797.0,,French Polynesia,PYF,58.25581818181818,81428.57142857143,4.081863972355703,2.70805020110221,4.3651347670036635
Asia,Qatar,224.0,2020-10-20,77.749,,227.322,31.9,116935.6,1.307,80.23,0.856,129671.0,,Qatar,QAT,64.79345454545454,35493.333333333336,4.186520358390214,5.41610040220442,4.397284637062863
Europe,Romania,5931.0,2020-10-20,308.301,,85.12899999999999,43.0,23313.199,17.85,76.05,0.8109999999999999,182854.0,,Romania,ROU,67.33688248337029,16183659.56862745,4.224449627902556,8.688116703257823,4.344454561766125
Europe,Russia,24366.0,2020-10-20,166.965,,8.823,39.6,24765.953999999998,14.177999999999999,72.58,0.816,1415316.0,,Russia,RUS,67.44061640798226,101308848.31372549,4.225966455529054,10.100985036866753,4.2983732496766285
Africa,Rwanda,34.0,2020-10-20,2.625,,494.869,20.3,1854.211,2.9739999999999998,69.02,0.524,4992.0,,Rwanda,RWA,43.50718181818182,2362692.9607843137,3.795650565322988,3.5553480614894135,4.2487809155265195
Asia,Saudi Arabia,5201.0,2020-10-20,149.394,,15.322000000000001,31.9,49045.41099999999,3.295,75.13,0.853,342583.0,,Saudi Arabia,SAU,48.722727272727276,3455988.6274509802,3.9064621177674295,8.556798446008598,4.332442405318121
Africa,Sudan,836.0,2020-10-20,19.065,,23.258000000000003,19.7,4466.5070000000005,3.548,65.31,0.502,13697.0,,Sudan,SDN,50.24518181818182,6309698.352941177,3.9366216002952203,6.729824070489475,4.194340715380776
Africa,Senegal,319.0,2020-10-20,19.052,,82.32799999999999,18.7,2470.58,3.008,67.94,0.505,15432.0,,Senegal,SEN,38.528090909090906,2659527.9803921566,3.677011581406492,5.768320995793772,4.233236561088719
Asia,Singapore,28.0,2020-10-20,4.7860000000000005,,7915.731,42.4,85535.383,12.922,83.62,0.932,57915.0,,Singapore,SGP,67.04381818181818,1037141.2549019608,4.22015188267596,3.367295829986474,4.438170645291922
Oceania,Solomon Islands,,2020-10-20,,,21.840999999999998,20.8,2205.923,3.5069999999999997,73.0,0.546,3.0,,Solomon Islands,SLB,51.705454545454536,97377.66666666667,3.9647189520026553,,4.30406509320417
Africa,Sierra Leone,73.0,2020-10-20,9.151,,104.7,19.1,1390.3,2.5380000000000003,54.7,0.419,2331.0,,Sierra Leone,SLE,31.959181818181822,2047693.862745098,3.49526988125567,4.30406509320417,4.019980146933238
North America,El Salvador,926.0,2020-10-20,142.765,,307.811,27.6,7292.4580000000005,8.273,73.32,0.674,31666.0,,El Salvador,SLV,52.722272727272724,2117558.0196078434,3.9838276776713815,6.831953565565855,4.308380094505583
Europe,San Marino,42.0,2020-10-20,1237.5510000000002,,556.6669999999999,,56861.47,,84.97,,766.0,,San Marino,SMR,,13269.56862745098,,3.7612001156935624,4.453998398186353
Africa,Somalia,101.0,2020-10-20,6.355,,23.5,16.8,,2.7310000000000003,57.4,,3890.0,,Somalia,SOM,38.97627272727273,2354729.705882353,3.6882860962938158,4.624972813284271,4.067315889834181
Europe,Serbia,778.0,2020-10-20,114.334,,80.291,41.2,14048.881000000001,17.366,76.0,0.787,36282.0,,Serbia,SRB,,6551854.2549019605,,6.658011045870748,4.343805421853684
Africa,South Sudan,55.0,2020-10-20,4.913,,,19.2,1569.888,3.4410000000000003,57.85,0.38799999999999996,2847.0,,South Sudan,SSD,33.79736363636364,2603278.1764705884,3.5495416263349213,4.02535169073515,4.074991833706286
Africa,Sao Tome and Principe,15.0,2020-10-20,68.443,,212.84099999999998,18.7,3052.7140000000004,2.886,70.39,0.589,933.0,,Sao Tome and Principe,STP,53.11281818181819,57968.882352941175,3.991071092756692,2.772588722239781,4.268157803514369
South America,Suriname,109.0,2020-10-20,185.80599999999998,,3.612,29.6,13767.118999999999,6.933,71.68,0.72,5133.0,,Suriname,SUR,61.4859090909091,231117.9411764706,4.134941076778205,4.700480365792417,4.28606624352797
Europe,Slovakia,92.0,2020-10-20,16.851,,113.12799999999999,41.2,30155.152000000002,15.07,77.54,0.855,30695.0,,Slovakia,SVK,70.3698580931264,3583541.274509804,4.267875624654341,4.532599493153256,4.363608049149864
Europe,Slovenia,164.0,2020-10-20,78.887,,102.619,44.5,31400.84,19.062,81.32,0.8959999999999999,14477.0,,Slovenia,SVN,68.80465631929047,1408287.8039215687,4.245700716988773,5.10594547390058,4.410614091525794
Africa,Swaziland,116.0,2020-10-20,99.986,,79.492,21.5,7738.975,3.1630000000000003,60.19,0.588,5788.0,,Swaziland,SWZ,45.93181818181818,234420.70588235295,3.8486958714768718,4.762173934797756,4.113983777474449
North America,Sint Maarten (Dutch part),22.0,2020-10-20,513.036,,1209.088,,36327.232,,78.95,,756.0,,Sint Maarten (Dutch part),SXM,,3333.3333333333335,,3.1354942159291497,4.381401439279963
Africa,Seychelles,,2020-10-20,,,208.354,36.2,26382.287,8.606,73.4,0.797,149.0,,Seychelles,SYC,,34849.92156862745,,,4.309455941839047
Asia,Syria,251.0,2020-10-20,14.342,,,21.7,,,72.7,0.536,5134.0,,Syria,SYR,,3538190.901960784,,5.529429087511423,4.300002799195291
North America,Turks and Caicos Islands,6.0,2020-10-20,154.967,,37.312,,,,80.22,,698.0,,Turks and Caicos Islands,TCA,,5666.666666666667,,1.9459101490553132,4.397161522258152
Africa,Chad,93.0,2020-10-20,5.662000000000001,,11.833,16.7,1768.1529999999998,2.4859999999999998,54.24,0.40399999999999997,1390.0,,Chad,TCD,39.487818181818184,2240154.9411764704,3.7010011432333028,4.543294782270004,4.0116873285410914
Africa,Togo,51.0,2020-10-20,6.16,,143.366,19.4,1429.8129999999999,2.839,61.04,0.503,2071.0,,Togo,TGO,43.457454545454546,1387364.1960784313,3.794532654208221,3.9512437185814275,4.127779338308338
Asia,Thailand,59.0,2020-10-20,0.845,,135.132,40.1,16277.671,11.373,77.15,0.755,3700.0,,Thailand,THA,57.095545454545466,19898681.25490196,4.0620889906009126,4.0943445622221,4.358630056867486
Asia,Tajikistan,80.0,2020-10-20,8.388,,64.281,23.3,2896.913,3.466,71.1,0.65,10533.0,,Tajikistan,TJK,58.20890909090909,1664443.3137254901,4.081072021967756,4.394449154672439,4.278054044290903
Asia,Timor,,2020-10-20,,,87.176,18.0,6570.102,3.556,69.5,0.625,29.0,,Timor,TLS,36.483636363636364,458116.45098039217,3.6239044741056845,,4.255612709818223
North America,Trinidad and Tobago,97.0,2020-10-20,69.311,77.78,266.88599999999997,36.2,28763.071,10.014,73.51,0.784,5298.0,77.78,Trinidad and Tobago,TTO,64.29481818181819,610876.9607843137,4.178912679103338,4.584967478670572,4.310933344565636
Africa,Tunisia,687.0,2020-10-20,58.129,,74.22800000000001,32.7,10849.296999999999,8.001,76.7,0.735,42727.0,,Tunisia,TUN,46.13618181818181,3393905.6274509802,3.853040897583155,6.5337888379333435,4.3528552573736015
Asia,Turkey,9371.0,2020-10-20,111.111,,104.914,31.6,25129.341,8.152999999999999,77.69,0.7909999999999999,349519.0,,Turkey,TUR,48.942545454545446,21138888.588235293,3.910873253807903,9.145481799627687,4.365516082546892
Asia,Taiwan,7.0,2020-10-20,0.294,,,42.2,,,80.46,,540.0,,Taiwan,TWN,,7568908.31372549,,2.0794415416798357,4.400112102220266
Africa,Tanzania,21.0,2020-10-20,0.35200000000000004,,64.699,17.7,2683.304,3.108,65.46,0.5379999999999999,509.0,,Tanzania,TZA,45.097272727272724,7622891.039215687,3.830753788323577,3.091042453358316,4.196600262926448
Africa,Uganda,97.0,2020-10-20,2.121,,213.75900000000001,16.4,1697.707,2.168,63.37,0.516,10691.0,,Uganda,UGA,46.69281818181818,5141535.31372549,3.864780824332632,4.584967478670572,4.164647686064525
Europe,Ukraine,5786.0,2020-10-20,132.30100000000002,,77.39,41.4,7894.393,16.462,72.06,0.7509999999999999,309107.0,,Ukraine,UKR,69.65496008869181,36551883.4117647,4.257808313158629,8.663369301573839,4.291281021367136
South America,Uruguay,51.0,2020-10-20,14.682,,19.750999999999998,35.6,20551.409,14.655,77.91,0.804,2560.0,,Uruguay,URY,68.38281818181818,2113262.568627451,4.239639260229744,3.9512437185814275,4.368307962532944
North America,United States,220133.0,2020-10-20,665.049,,35.608000000000004,38.3,54225.445999999996,15.413,78.86,0.924,8214755.0,,United States,USA,70.22705099778273,152889405.49019608,4.26587267600704,12.30199173082301,4.380275101635076
Asia,Uzbekistan,533.0,2020-10-20,15.925,,76.134,28.2,6253.104,4.468999999999999,71.72,0.71,63737.0,,Uzbekistan,UZB,60.67845454545454,6805779.039215687,4.12193467293362,6.280395838960195,4.286616449869223
Europe,Vatican,,2020-10-20,,,,,,,75.12,,26.0,,Vatican,VAT,,949.4117647058823,,,4.332311042427949
North America,Saint Vincent and the Grenadines,,2020-10-20,,,281.78700000000003,31.8,10727.146,7.724,72.53,0.723,67.0,,Saint Vincent and the Grenadines,VCT,62.209909090909086,63715.294117647056,4.146461078275755,,4.297693486208131
South America,Venezuela,736.0,2020-10-20,25.883000000000003,,36.253,29.0,16745.022,6.614,72.06,0.7609999999999999,86636.0,,Venezuela,VEN,61.97636363636364,5688144.215686275,4.142759475618587,6.602587892189336,4.291281021367136
North America,British Virgin Islands,1.0,2020-10-20,33.071999999999996,,207.97299999999998,,,,79.07,,72.0,,British Virgin Islands,VGB,,8380.952380952382,,0.6931471805599453,4.382901252084542
North America,United States Virgin Islands,21.0,2020-10-20,201.105,,306.48,42.2,,18.601,80.58,,1336.0,,United States Virgin Islands,VIR,67.58786252771618,39619.04761904762,4.228115587994835,3.091042453358316,4.401584133889412
Asia,Vietnam,35.0,2020-10-20,0.36,,308.127,32.6,6171.884,7.15,75.4,0.6940000000000001,1140.0,,Vietnam,VNM,60.790909090909096,26124183.1372549,4.123756251554222,3.58351893845611,4.335982696172475
Asia,Yemen,599.0,2020-10-20,20.083,,53.508,20.3,1479.1470000000002,2.9219999999999997,66.12,0.452,2060.0,,Yemen,YEM,37.08109090909091,4514366.411764706,3.639717857335589,6.396929655216146,4.206482062158951
Africa,South Africa,18492.0,2020-10-20,311.79200000000003,,46.754,27.3,12294.876,5.343999999999999,64.13,0.6990000000000001,705254.0,,South Africa,ZAF,53.981909090909085,12990882.509803921,4.007004205504739,9.825147561084876,4.17638527255831
Africa,Zambia,346.0,2020-10-20,18.820999999999998,,22.995,17.7,3689.2509999999997,2.48,63.89,0.588,15897.0,,Zambia,ZMB,46.997,2180836.3725490198,3.8711385089546844,5.849324779946859,4.1726935286330775
Africa,Zimbabwe,232.0,2020-10-20,15.609000000000002,,42.729,19.6,1899.775,2.822,61.49,0.535,8159.0,,Zimbabwe,ZWE,53.28927272727272,3030588.3921568627,3.994326651756029,5.4510384535657,4.135006543940991
,World,1119283.0,2020-10-20,143.594,,58.045,30.9,15469.207,8.696,72.58,,40472505.0,,World,OWID_WRL,55.491886289043535,2536730754.509804,4.034097022336484,13.928199753126748,4.2983732496766285
